﻿Designator,Quantity,Value,Footprint,Package,MPN,DNP,Mount_Type,Description,Height,Manufacturer_Name,Arrow Part Number,Arrow Price/Stock,Mouser Part Number,Mouser Price/Stock
"C1, C3",2,TBC,C_0402_1005Metric,,,,smt,Unpolarized capacitor,,,,,,
"C10, C17, C2, C25, C5, C6, C9",7,100nF,C_0402_1005Metric,,,,smt,Unpolarized capacitor,,,,,,
"C11, C14",2,"10uF, 50V",C_0805_2012Metric,,,,smt,Unpolarized capacitor,,,,,,
C12,1,"100nF, X7R",C_0402_1005Metric,,,,smt,Unpolarized capacitor,,,,,,
C13,1,"100nF, 50V",C_0402_1005Metric,,,,smt,Unpolarized capacitor,,,,,,
C15,1,"220nF, 50V",C_0805_2012Metric,,,,smt,Unpolarized capacitor,,,,,,
C16,1,"1uF, 16V, X7R",C_0805_2012Metric,,,,smt,Unpolarized capacitor,,,,,,
C18,1,"100nF, 16V",C_0402_1005Metric,,,,smt,Unpolarized capacitor,,,,,,
"C19, C20",2,"22uF, 16V",C_0603_1608Metric,,,,smt,Unpolarized capacitor,,,,,,
C21,1,"1uF, X7R",C_0805_2012Metric,,,,smt,Unpolarized capacitor,,,,,,
C22,1,"2.2uF, X7R",C_0402_1005Metric,,,,smt,Unpolarized capacitor,,,,,,
"C26, C27",2,100pF,C_0402_1005Metric,,,,smt,Unpolarized capacitor,,,,,,
C4,1,1uF,C_0402_1005Metric,,,,smt,Unpolarized capacitor,,,,,,
C7,1,4.7uF,C_0402_1005Metric,,,,smt,Unpolarized capacitor,,,,,,
C8,1,"100uF, 80V",CP_Radial_D8.0mm_P3.50mm,,,,tht,Polarized capacitor,,,,,,
"D1, D2",2,LED,LED_0603_1608Metric,,,,smt,Common 5mm diameter LED,,,,,,
FL1,1,ACT1210D-101-2P-TL00,ACT1210D1012PTL00,,,,smt,"EMI 2-inductor filter, pin-connections 1-4 and 2-3",,,,,,
"J1, J12, J17, J2, J3, J6, J7",7,TESTPOINT,TestPoint_Pad_1.5x1.5mm,,,,tht,"Generic connector, single row, 01x01, script generated (kicad-library-utils/schlib/autogen/connector/)",,,,,,
J10,1,MOT_B,SolderWire-1sqmm_1x01_D1.4mm_OD2.7mm,,,,tht,"Generic connector, single row, 01x01, script generated",,,,,,
J11,1,MOT_A,SolderWire-1sqmm_1x01_D1.4mm_OD2.7mm,,,,tht,"Generic connector, single row, 01x01, script generated",,,,,,
"J13, J14",2,Control_In,JST_XH_B2B-XH-A_1x02_P2.50mm_Vertical,,,,tht,"Generic connector, single row, 01x02, script generated (kicad-library-utils/schlib/autogen/connector/)",,,,,,
J5,1,Conn_01x06_MountingPin,Hirose_FH12-6S-0.5SH_1x06-1MP_P0.50mm_Horizontal,,,,smt,"Generic connectable mounting pin connector, single row, 01x06, script generated (kicad-library-utils/schlib/autogen/connector/)",,,,,,
"J8, J9",2,Power_In,AMASS_XT30UPB-M_1x02_P5.0mm_Vertical,,,,tht,"Generic connector, single row, 01x02, script generated (kicad-library-utils/schlib/autogen/connector/)",,,,,,
JP1,1,Termination Jumper,SolderJumper-2_P1.3mm_Open_Pad1.0x1.5mm,,,,tht,"Jumper, 2-pole, open",,,,,,
L1,1,27nH,L_0402_1005Metric,,,,smt,Inductor,,,,,,
L2,1,1.5 uH,L_1008_2520Metric,,,,smt,Inductor,,,,,,
"R1, R11",2,10k,R_0402_1005Metric,,,,smt,Resistor,,,,,,
"R12, R5",2,100k,R_0402_1005Metric,,,,smt,Resistor,,,,,,
"R2, R3",2,430,R_0402_1005Metric,,,,smt,Resistor,,,,,,
R4,1,ERJ-B1CFR10U,ERJB1_(1020),,ERJ-B1CFR10U,,smt,Panasonic ERJB1 Series Thick Film High Power Surface Mount Resistor 2010 Case 100m +/-1% 1W +/-100ppm/C,0.75,Panasonic,ERJ-B1CFR10U,null?region=nac,,
R6,1,24k,R_0603_1608Metric,,,,smt,Resistor,,,,,,
R7,1,900,R_0402_1005Metric,,,,smt,Resistor,,,,,,
R8,1,120,C_0402_1005Metric,,,,smt,Resistor,,,,,,
SWD,1,Prog_IN,PinHeader_2x03_P1.27mm_Vertical,,,,tht,"Generic connector, double row, 02x03, odd/even pin numbering scheme (row 1 odd numbers, row 2 even numbers), script generated (kicad-library-utils/schlib/autogen/connector/)",,,,,,
U1,1,STM32G0B1CBTx,LQFP-48_7x7mm_P0.5mm,,,,smt,"STMicroelectronics Arm Cortex-M0+ MCU, 128KB flash, 144KB RAM, 64 MHz, 1.7-3.6V, 44 GPIO, LQFP48",,,,,,
U2,1,LMR33630CDDA,Texas_HSOP-8-1EP_3.9x4.9mm_P1.27mm_ThermalVias,,,,smt,"Simple Switcher Synchronous Buck Regulator, Vin=3.8-36V, Iout=3A, F=2100kHz, Adjustable output voltage, HSOP-8",,,,,,
U3,1,TJA1051T-3,SOIC-8_3.9x4.9mm_P1.27mm,,,,smt,"High-Speed CAN Transceiver, separate VIO, silent mode, SOIC-8",,,,,,
U4,1,TLV76733DRVx,WSON-6-1EP_2x2mm_P0.65mm_EP1x1.6mm_ThermalVias,,,,smt,"1A Precision Linear Voltage Regulator, with enable pin, Fixed Output 3.3V, WSON6",,,,,,
U6,1,W25Q128JVS,SOIC-8_5.23x5.23mm_P1.27mm,,,,smt,"128Mb Serial Flash Memory, Standard/Dual/Quad SPI, SOIC-8",,,,,,
U7,1,DRV8251DDAR,SOIC127P600X170-9N,,DRV8251DDAR,,smt,Motor Drives,1.7,Texas Instruments,,,595-DRV8251DDAR,https://www.mouser.co.uk/ProductDetail/Texas-Instruments/DRV8251DDAR?qs=doiCPypUmgHTzZyfapGahQ%3D%3D
Y1,1,25 MHz,Crystal_SMD_3225-4Pin_3.2x2.5mm,,,,smt,"Four pin crystal, GND on pins 2 and 4",,,,,,
